,ungrouped,grouped(8 bins)
mean,118.31207278750001,118.3120727875
median,120.296954,117.11720146153847
variance,185.00396411589557,179.78469432763467
IQR,22.45057199999998,23.041855293351645
CV,0.11496389093091994,0.11333062788559793
