t,x_norm,z_factor
121,1.008333,449.820183
122,1.016667,440.034327
123,1.025000,427.630180
124,1.033333,421.879829
125,1.041667,430.097284
126,1.050000,454.621110
