,train_MAE,test_MAE,train_RMSE,test_RMSE,train_Bias,test_Bias
M1,2.774365118901831,2.9532772430041714,3.5306344248000916,3.7850115103233577,-1.484244825809987e-14,1.4015520574961533
M2,2.7583142444187914,2.999917864960344,3.5240510171596324,3.8168180886090846,-5.131697536045168e-14,1.4316872422932718
